dt,ctr
20181029,0.06758911885792972
20181030,0.05177708011008708
20181031,0.046688135810988636
20181101,0.03608299461074886
20181102,0.03515388682535184
20181103,0.03764394796195513
20181104,0.03596701522177867
